-- phpMyAdmin SQL Dump
-- version 4.9.3
-- https://www.phpmyadmin.net/
--
-- ホスト: localhost:3306
-- 生成日時: 2020 年 11 月 23 日 05:13
-- サーバのバージョン： 5.7.26
-- PHP のバージョン: 7.4.2

SET SQL_MODE = "NO_AUTO_VALUE_ON_ZERO";
SET time_zone = "+00:00";


/*!40101 SET @OLD_CHARACTER_SET_CLIENT=@@CHARACTER_SET_CLIENT */;
/*!40101 SET @OLD_CHARACTER_SET_RESULTS=@@CHARACTER_SET_RESULTS */;
/*!40101 SET @OLD_COLLATION_CONNECTION=@@COLLATION_CONNECTION */;
/*!40101 SET NAMES utf8mb4 */;

--
-- データベース: `scenepicks_db`
--

-- --------------------------------------------------------

--
-- テーブルの構造 `admins`
--

CREATE TABLE `admins` (
  `id` int(10) UNSIGNED NOT NULL,
  `name` varchar(255) COLLATE utf8mb4_unicode_ci NOT NULL,
  `email` varchar(255) COLLATE utf8mb4_unicode_ci NOT NULL,
  `password` varchar(255) COLLATE utf8mb4_unicode_ci NOT NULL,
  `remember_token` varchar(100) COLLATE utf8mb4_unicode_ci DEFAULT NULL,
  `created_at` timestamp NULL DEFAULT NULL,
  `updated_at` timestamp NULL DEFAULT NULL
) ENGINE=InnoDB DEFAULT CHARSET=utf8mb4 COLLATE=utf8mb4_unicode_ci;

-- --------------------------------------------------------

--
-- テーブルの構造 `likes_comments`
--

CREATE TABLE `likes_comments` (
  `id` int(10) UNSIGNED NOT NULL,
  `comment_id` int(10) UNSIGNED NOT NULL,
  `user_id` int(10) UNSIGNED NOT NULL,
  `cmt_option` tinyint(4) NOT NULL,
  `created_at` timestamp NOT NULL DEFAULT CURRENT_TIMESTAMP ON UPDATE CURRENT_TIMESTAMP
) ENGINE=InnoDB DEFAULT CHARSET=utf8mb4 COLLATE=utf8mb4_unicode_ci;

--
-- テーブルのデータのダンプ `likes_comments`
--

INSERT INTO `likes_comments` (`id`, `comment_id`, `user_id`, `cmt_option`, `created_at`) VALUES
(4, 30, 1, 1, '2020-10-01 16:54:59'),
(5, 32, 1, 1, '2020-11-05 19:15:12'),
(6, 32, 2, 1, '2020-11-06 06:46:45'),
(7, 31, 2, 1, '2020-11-06 06:46:46'),
(8, 35, 1, 1, '2020-11-23 05:12:20'),
(9, 36, 1, 1, '2020-11-23 05:12:43');

-- --------------------------------------------------------

--
-- テーブルの構造 `likes_playlists`
--

CREATE TABLE `likes_playlists` (
  `user_id` int(10) UNSIGNED NOT NULL,
  `playlist_id` int(10) UNSIGNED NOT NULL,
  `created_at` timestamp NULL DEFAULT NULL,
  `updated_at` timestamp NULL DEFAULT NULL
) ENGINE=InnoDB DEFAULT CHARSET=utf8mb4 COLLATE=utf8mb4_unicode_ci;

--
-- テーブルのデータのダンプ `likes_playlists`
--

INSERT INTO `likes_playlists` (`user_id`, `playlist_id`, `created_at`, `updated_at`) VALUES
(1, 20, '2020-09-22 21:25:04', '2020-09-22 21:25:04'),
(1, 30, '2020-11-09 13:19:08', '2020-11-09 13:19:08'),
(2, 19, '2020-10-10 09:01:53', '2020-10-10 09:01:53');

-- --------------------------------------------------------

--
-- テーブルの構造 `likes_tags`
--

CREATE TABLE `likes_tags` (
  `user_id` int(10) UNSIGNED NOT NULL,
  `tag_id` int(10) UNSIGNED NOT NULL,
  `created_at` timestamp NULL DEFAULT NULL,
  `updated_at` timestamp NULL DEFAULT NULL
) ENGINE=InnoDB DEFAULT CHARSET=utf8mb4 COLLATE=utf8mb4_unicode_ci;

--
-- テーブルのデータのダンプ `likes_tags`
--

INSERT INTO `likes_tags` (`user_id`, `tag_id`, `created_at`, `updated_at`) VALUES
(1, 6, '2020-09-30 20:06:58', '2020-09-30 20:06:58'),
(1, 10, '2020-10-01 00:20:23', '2020-10-01 00:20:23'),
(1, 16, '2020-09-17 03:11:26', '2020-09-17 03:11:26');

-- --------------------------------------------------------

--
-- テーブルの構造 `migrations`
--

CREATE TABLE `migrations` (
  `id` int(10) UNSIGNED NOT NULL,
  `migration` varchar(255) COLLATE utf8mb4_unicode_ci NOT NULL,
  `batch` int(11) NOT NULL
) ENGINE=InnoDB DEFAULT CHARSET=utf8mb4 COLLATE=utf8mb4_unicode_ci;

--
-- テーブルのデータのダンプ `migrations`
--

INSERT INTO `migrations` (`id`, `migration`, `batch`) VALUES
(1, '2014_10_12_000000_create_users_table', 1),
(2, '2014_10_12_100000_create_password_resets_table', 1),
(3, '2020_01_19_193049_create_admins_table', 1),
(4, '2020_01_20_202154_create_videos_table', 1),
(5, '2020_01_27_074807_create_tags_table', 1),
(6, '2020_02_11_061335_create_playlists_table', 1),
(7, '2020_02_11_061715_create_playlist_tag_table', 1),
(8, '2020_02_17_024250_create_likes_tags_table', 1),
(9, '2020_03_07_125255_create_searchqueries_table', 1),
(10, '2020_03_07_125847_create_searchquery_user_table', 1),
(11, '2020_03_07_135510_create_topsearchqueries_table', 1),
(12, '2020_03_07_141412_create_taglogs_table', 1),
(13, '2020_03_07_141427_create_playlistlogs_table', 1),
(14, '2020_03_19_201907_create_likes_playlists_table', 1),
(15, '2020_03_28_064001_change_not_nullable_first_to_videos', 1),
(16, '2020_03_28_064640_change_not_nullable_second_to_videos', 1),
(17, '2020_05_03_231401_introduce_socialite_to_users_table', 1),
(18, '2020_09_13_192302_add_privacysetting_to_tags_table', 2),
(19, '2020_09_22_191445_create_playlist_comments_table', 3),
(20, '2020_09_23_022126_create_likes_comments_table', 3),
(21, '2020_09_25_035945_create_tag_comments_table', 3),
(22, '2020_10_01_173946_modify_unique_constraints_to_searchqueries_table', 4),
(23, '2020_10_01_174326_delete_searchquery_unique_constraints_of_searchqueries_table', 5);

-- --------------------------------------------------------

--
-- テーブルの構造 `password_resets`
--

CREATE TABLE `password_resets` (
  `email` varchar(255) COLLATE utf8mb4_unicode_ci NOT NULL,
  `token` varchar(255) COLLATE utf8mb4_unicode_ci NOT NULL,
  `created_at` timestamp NULL DEFAULT NULL
) ENGINE=InnoDB DEFAULT CHARSET=utf8mb4 COLLATE=utf8mb4_unicode_ci;

-- --------------------------------------------------------

--
-- テーブルの構造 `playlistlogs`
--

CREATE TABLE `playlistlogs` (
  `id` int(10) UNSIGNED NOT NULL,
  `playlist_id` int(10) UNSIGNED NOT NULL,
  `created_at` timestamp NOT NULL DEFAULT CURRENT_TIMESTAMP ON UPDATE CURRENT_TIMESTAMP
) ENGINE=InnoDB DEFAULT CHARSET=utf8mb4 COLLATE=utf8mb4_unicode_ci;

--
-- テーブルのデータのダンプ `playlistlogs`
--

INSERT INTO `playlistlogs` (`id`, `playlist_id`, `created_at`) VALUES
(5, 2, '2020-09-16 22:44:50'),
(7, 22, '2020-09-18 09:32:28'),
(8, 22, '2020-09-18 09:33:31'),
(9, 22, '2020-09-18 09:35:25'),
(11, 22, '2020-09-20 19:17:37'),
(12, 22, '2020-09-20 19:17:41'),
(13, 22, '2020-09-20 19:18:13'),
(14, 22, '2020-09-20 19:21:22'),
(84, 2, '2020-09-30 14:23:12'),
(86, 2, '2020-09-30 19:05:25'),
(102, 28, '2020-10-10 17:43:34'),
(103, 28, '2020-10-10 17:52:08'),
(104, 28, '2020-10-10 17:57:40'),
(106, 28, '2020-10-10 18:00:40'),
(109, 22, '2020-10-10 18:02:25'),
(112, 28, '2020-10-10 18:16:38'),
(121, 28, '2020-10-10 19:31:53'),
(123, 28, '2020-10-11 17:14:54'),
(124, 28, '2020-10-12 07:27:20'),
(125, 28, '2020-10-12 07:27:20'),
(129, 28, '2020-10-27 08:01:10'),
(132, 28, '2020-11-05 10:10:04'),
(133, 30, '2020-11-05 13:58:36'),
(134, 30, '2020-11-05 18:02:06'),
(135, 29, '2020-11-05 18:02:10'),
(136, 30, '2020-11-05 18:04:04'),
(137, 29, '2020-11-05 19:14:50'),
(138, 28, '2020-11-05 20:45:41'),
(139, 30, '2020-11-05 21:01:18'),
(140, 29, '2020-11-05 21:01:25'),
(141, 30, '2020-11-06 06:45:49'),
(142, 29, '2020-11-06 06:46:00'),
(143, 29, '2020-11-06 06:46:38'),
(144, 30, '2020-11-06 08:09:25'),
(145, 30, '2020-11-06 08:10:29'),
(146, 30, '2020-11-06 08:15:39'),
(147, 29, '2020-11-06 08:16:17'),
(148, 29, '2020-11-06 08:39:39'),
(149, 29, '2020-11-06 08:40:12'),
(150, 29, '2020-11-07 19:19:04'),
(151, 30, '2020-11-07 21:47:13'),
(152, 29, '2020-11-07 21:48:20'),
(153, 30, '2020-11-07 22:20:45'),
(154, 30, '2020-11-09 05:56:36'),
(155, 30, '2020-11-09 06:07:16'),
(156, 29, '2020-11-09 06:54:44'),
(157, 30, '2020-11-09 18:53:30'),
(158, 29, '2020-11-09 18:53:42'),
(159, 30, '2020-11-09 21:51:52'),
(160, 30, '2020-11-09 22:18:55'),
(161, 22, '2020-11-10 06:56:47'),
(162, 29, '2020-11-10 08:11:58'),
(163, 30, '2020-11-10 17:47:12'),
(164, 29, '2020-11-10 17:47:51'),
(165, 30, '2020-11-11 20:25:35'),
(166, 30, '2020-11-20 04:53:22'),
(167, 22, '2020-11-20 06:53:31'),
(168, 29, '2020-11-23 05:10:01'),
(169, 30, '2020-11-23 05:10:10'),
(170, 30, '2020-11-23 05:11:52'),
(171, 29, '2020-11-23 05:12:48');

-- --------------------------------------------------------

--
-- テーブルの構造 `playlists`
--

CREATE TABLE `playlists` (
  `id` int(10) UNSIGNED NOT NULL,
  `playlistName` varchar(255) COLLATE utf8mb4_unicode_ci NOT NULL,
  `privacySetting` varchar(255) COLLATE utf8mb4_unicode_ci NOT NULL,
  `user_id` int(11) NOT NULL,
  `playlistCategory` varchar(255) COLLATE utf8mb4_unicode_ci NOT NULL,
  `created_at` timestamp NULL DEFAULT NULL,
  `updated_at` timestamp NULL DEFAULT NULL
) ENGINE=InnoDB DEFAULT CHARSET=utf8mb4 COLLATE=utf8mb4_unicode_ci;

--
-- テーブルのデータのダンプ `playlists`
--

INSERT INTO `playlists` (`id`, `playlistName`, `privacySetting`, `user_id`, `playlistCategory`, `created_at`, `updated_at`) VALUES
(2, 'testplaylist2', 'limited', 1, 'People & Blogs', '2020-09-12 10:52:24', '2020-09-16 16:56:27'),
(17, 'newPlaylistTest13', 'public', 1, 'Sports', '2020-09-14 11:30:56', '2020-09-14 11:30:56'),
(18, 'newPlaylistTest14', 'public', 1, 'Sports', '2020-09-14 11:31:34', '2020-09-14 11:31:34'),
(22, 'user2Playlist', 'public', 2, 'People & Blogs', '2020-09-18 00:30:50', '2020-09-18 00:30:50'),
(23, 'addPlaylistTest1', 'public', 1, 'Gaming', '2020-09-28 08:15:13', '2020-09-28 08:15:13'),
(24, 'addPlaylistTest2', 'public', 1, 'Gaming', '2020-09-28 08:15:56', '2020-09-28 08:15:56'),
(25, 'addPlaylistTest3', 'public', 1, 'Sports', '2020-09-28 20:43:14', '2020-09-28 20:43:14'),
(26, 'addPlaylistTest4', 'public', 1, 'Sports', '2020-09-28 20:46:53', '2020-09-28 20:46:53'),
(27, 'addPlaylistTest6', 'public', 1, 'Sports', '2020-09-28 21:06:22', '2020-09-28 21:06:22'),
(28, 'Test title 1 xxxxxxxxxxxxxxxxxxxxxxxxxxxxxxxxxxxxxxxxxxxx', 'private', 1, 'People & Blogs', '2020-10-02 22:46:11', '2020-11-08 23:20:33'),
(29, 'Test title 2', 'public', 1, 'People & Blogs', '2020-11-05 04:28:55', '2020-11-05 04:28:55'),
(30, 'Test title 3', 'public', 1, 'Science & Technology', '2020-11-05 04:32:19', '2020-11-05 04:32:19');

-- --------------------------------------------------------

--
-- テーブルの構造 `playlist_comments`
--

CREATE TABLE `playlist_comments` (
  `id` int(10) UNSIGNED NOT NULL,
  `playlist_id` int(10) UNSIGNED NOT NULL,
  `content` varchar(255) COLLATE utf8mb4_unicode_ci DEFAULT NULL,
  `user_id` int(10) UNSIGNED NOT NULL,
  `parent_id` int(10) UNSIGNED NOT NULL,
  `created_at` timestamp NOT NULL DEFAULT CURRENT_TIMESTAMP ON UPDATE CURRENT_TIMESTAMP
) ENGINE=InnoDB DEFAULT CHARSET=utf8mb4 COLLATE=utf8mb4_unicode_ci;

--
-- テーブルのデータのダンプ `playlist_comments`
--

INSERT INTO `playlist_comments` (`id`, `playlist_id`, `content`, `user_id`, `parent_id`, `created_at`) VALUES
(31, 29, 'test comment 1', 1, 0, '2020-11-05 19:15:04'),
(32, 29, 'test comment 2', 1, 0, '2020-11-05 19:15:08'),
(33, 29, 'testuser2 comment 1', 2, 0, '2020-11-06 06:46:57'),
(34, 30, 'test comment A', 1, 0, '2020-11-23 05:12:12'),
(35, 30, 'test comment B', 1, 0, '2020-11-23 05:12:17'),
(36, 30, 'test comment C', 1, 35, '2020-11-23 05:12:31'),
(37, 30, 'test comment D', 1, 0, '2020-11-23 05:12:40');

-- --------------------------------------------------------

--
-- テーブルの構造 `playlist_tag`
--

CREATE TABLE `playlist_tag` (
  `playlist_id` int(10) UNSIGNED NOT NULL,
  `tag_id` int(10) UNSIGNED NOT NULL,
  `scene_order` int(10) UNSIGNED NOT NULL,
  `created_at` timestamp NULL DEFAULT NULL,
  `updated_at` timestamp NULL DEFAULT NULL
) ENGINE=InnoDB DEFAULT CHARSET=utf8mb4 COLLATE=utf8mb4_unicode_ci;

--
-- テーブルのデータのダンプ `playlist_tag`
--

INSERT INTO `playlist_tag` (`playlist_id`, `tag_id`, `scene_order`, `created_at`, `updated_at`) VALUES
(22, 19, 1, NULL, NULL),
(28, 41, 1, NULL, NULL),
(29, 39, 2, NULL, NULL),
(29, 45, 3, NULL, NULL),
(29, 47, 1, NULL, NULL),
(30, 35, 2, NULL, NULL),
(30, 41, 1, NULL, NULL),
(30, 43, 3, NULL, NULL);

-- --------------------------------------------------------

--
-- テーブルの構造 `searchqueries`
--

CREATE TABLE `searchqueries` (
  `id` int(10) UNSIGNED NOT NULL,
  `searchQuery` varchar(255) COLLATE utf8mb4_unicode_ci NOT NULL,
  `searchOption` tinyint(4) NOT NULL,
  `created_at` timestamp NULL DEFAULT NULL,
  `updated_at` timestamp NULL DEFAULT NULL
) ENGINE=InnoDB DEFAULT CHARSET=utf8mb4 COLLATE=utf8mb4_unicode_ci;

--
-- テーブルのデータのダンプ `searchqueries`
--

INSERT INTO `searchqueries` (`id`, `searchQuery`, `searchOption`, `created_at`, `updated_at`) VALUES
(1, 't', 1, '2020-09-09 09:36:01', '2020-11-21 22:42:59'),
(2, 'soccer', 1, '2020-09-09 09:36:23', '2020-11-21 20:44:25'),
(3, 'te', 0, '2020-09-10 06:25:00', '2020-11-21 18:40:27'),
(4, 'futsal', 1, '2020-09-12 06:42:04', '2020-11-21 22:44:35'),
(5, 'fu', 1, '2020-09-12 07:36:44', '2020-09-12 07:36:47'),
(6, 'sushi', 1, '2020-09-12 10:51:51', '2020-09-12 10:52:14'),
(7, 'test', 1, '2020-09-13 10:36:26', '2020-11-21 20:40:22'),
(8, 'yakiniku', 1, '2020-09-14 17:14:07', '2020-09-16 13:43:29'),
(9, 'kichijoji', 1, '2020-09-14 17:29:42', '2020-10-19 16:09:55'),
(10, 'vue', 1, '2020-09-15 09:10:28', '2020-09-15 09:10:34'),
(11, 'vuex', 1, '2020-09-15 09:10:40', '2020-09-15 22:11:36'),
(12, 'shabushabu', 1, '2020-09-16 13:43:39', '2020-09-16 13:44:22'),
(14, 'hello', 1, '2020-09-16 16:46:53', '2020-10-11 08:14:29'),
(15, 'japan', 1, '2020-09-16 16:47:03', '2020-09-18 00:30:59'),
(16, 'tes', 1, '2020-09-17 00:32:37', '2020-11-21 20:44:20'),
(19, 'a', 0, '2020-09-17 00:41:46', '2020-11-20 09:29:09'),
(20, 'user2', 0, '2020-09-18 00:35:05', '2020-11-08 21:03:11'),
(21, 'user', 0, '2020-09-18 00:35:24', '2020-11-20 08:17:57'),
(22, 'kanagawa', 1, '2020-09-18 13:44:10', '2020-09-18 13:50:10'),
(23, 'pivo', 1, '2020-09-20 07:48:40', '2020-10-19 16:05:17'),
(24, 'pivo futsal', 1, '2020-09-20 07:49:06', '2020-10-19 15:01:15'),
(25, 'futsal pivo', 1, '2020-09-20 07:59:24', '2020-09-20 07:59:24'),
(26, 'bascketball', 1, '2020-09-22 23:09:03', '2020-10-07 01:01:49'),
(27, 'amazon', 1, '2020-09-23 12:54:07', '2020-09-23 12:54:07'),
(28, 'Humbert Shocks Medvedev; Monfils Out, Fognini & Khachanov Win | Hamburg 2020 Day 2 Highlights', 1, '2020-09-24 12:30:04', '2020-09-24 12:33:21'),
(30, 'てｓｔ', 1, '2020-09-25 09:37:34', '2020-09-25 09:37:43'),
(31, 'aws', 1, '2020-09-29 00:17:02', '2020-09-29 00:18:05'),
(32, 'ferrao', 1, '2020-09-29 05:37:40', '2020-09-29 20:02:27'),
(33, 's3', 1, '2020-09-29 20:21:38', '2020-09-29 20:21:38'),
(34, 'aws s3', 1, '2020-09-29 20:21:53', '2020-09-29 20:21:53'),
(35, 'kichi', 1, '2020-09-29 20:51:41', '2020-10-21 19:47:34'),
(36, '名古屋オーシャンズ', 1, '2020-09-30 09:48:40', '2020-10-29 19:38:53'),
(37, 'aa', 1, '2020-09-30 11:27:33', '2020-10-29 19:40:01'),
(40, 'aaa', 1, '2020-10-01 08:06:47', '2020-10-29 19:39:21'),
(48, 'test', 0, '2020-10-01 08:45:58', '2020-11-20 09:30:56'),
(49, 'フットサル', 0, '2020-10-01 08:57:42', '2020-10-01 08:57:42'),
(50, 'フットサル', 1, '2020-10-01 08:57:53', '2020-10-30 04:04:40'),
(51, 'this.$router', 1, '2020-10-02 22:31:11', '2020-10-02 22:31:11'),
(52, 'basc', 1, '2020-10-09 07:22:38', '2020-11-09 11:46:36'),
(53, 'テスト', 1, '2020-10-11 08:03:38', '2020-11-06 09:08:13'),
(54, 'クリスティーナ', 1, '2020-10-13 01:30:22', '2020-10-13 01:30:22'),
(55, 'ユヴェントス', 1, '2020-10-13 01:31:47', '2020-10-13 02:08:03'),
(56, 'クリスティーノロナウド', 1, '2020-10-13 02:08:48', '2020-10-13 02:26:43'),
(57, 'クリスティアーノ', 1, '2020-10-14 09:38:57', '2020-10-14 10:36:38'),
(58, '釣り', 1, '2020-10-14 15:10:06', '2020-10-30 04:04:16'),
(59, 'asfa', 1, '2020-10-19 15:02:05', '2020-10-19 15:02:05'),
(60, 'test2', 1, '2020-10-19 15:24:25', '2020-10-19 15:24:25'),
(61, 'test3', 1, '2020-10-19 15:25:04', '2020-10-19 15:25:04'),
(62, 'クアトロ', 1, '2020-10-20 10:47:24', '2020-10-20 10:47:24'),
(63, 'kichia', 1, '2020-10-21 11:09:07', '2020-10-21 11:09:07'),
(64, 'f', 1, '2020-10-21 21:34:42', '2020-11-21 21:13:10'),
(65, '吉祥寺', 1, '2020-10-25 09:53:31', '2020-10-25 09:54:57'),
(66, 'かまいたち', 1, '2020-10-25 09:55:39', '2020-10-26 20:42:46'),
(67, 'ああ', 0, '2020-11-08 21:24:13', '2020-11-09 21:58:28'),
(68, 'テスト', 0, '2020-11-08 21:24:29', '2020-11-08 21:24:29'),
(69, 'test2', 0, '2020-11-08 21:29:18', '2020-11-20 07:36:23'),
(70, 'a', 1, '2020-11-12 18:13:55', '2020-11-21 21:12:54'),
(71, 'title', 0, '2020-11-19 19:54:29', '2020-11-20 04:13:18'),
(72, '2', 0, '2020-11-19 21:46:39', '2020-11-20 04:14:34'),
(73, '3', 0, '2020-11-19 21:48:00', '2020-11-20 09:33:49'),
(74, 'tesaa', 0, '2020-11-20 04:06:11', '2020-11-20 04:06:11'),
(75, 'tit', 0, '2020-11-20 04:06:26', '2020-11-20 04:12:58'),
(76, '4', 0, '2020-11-20 04:13:13', '2020-11-20 04:13:13'),
(77, 'titl', 0, '2020-11-20 04:13:37', '2020-11-20 04:14:44'),
(78, 'tes', 0, '2020-11-20 05:36:03', '2020-11-21 18:40:38'),
(79, 'test23', 0, '2020-11-20 05:36:14', '2020-11-20 05:36:14'),
(80, 'testa', 0, '2020-11-20 05:42:27', '2020-11-20 05:42:27'),
(81, 'aa', 0, '2020-11-20 06:16:35', '2020-11-20 06:16:35'),
(82, 'es', 0, '2020-11-20 07:31:26', '2020-11-20 07:31:26'),
(83, 'aaa', 0, '2020-11-20 07:36:53', '2020-11-21 21:18:52'),
(84, 'use', 0, '2020-11-20 07:37:42', '2020-11-20 07:40:58'),
(85, 'フット', 0, '2020-11-20 07:41:08', '2020-11-20 07:42:46'),
(86, 'フッ', 0, '2020-11-20 08:13:07', '2020-11-20 08:14:05'),
(87, 'abcd', 0, '2020-11-20 08:18:09', '2020-11-21 18:23:42'),
(88, 'ab', 0, '2020-11-20 08:18:21', '2020-11-20 08:19:48'),
(89, 'abc', 0, '2020-11-20 08:30:05', '2020-11-21 18:33:05'),
(90, 'abcdefg', 0, '2020-11-20 08:31:12', '2020-11-20 09:14:49'),
(91, 'abcde', 0, '2020-11-20 08:31:25', '2020-11-20 08:37:57'),
(92, 'abcgd', 0, '2020-11-20 08:31:40', '2020-11-20 08:34:48'),
(93, 'abcdef', 0, '2020-11-20 08:35:06', '2020-11-20 09:05:51'),
(94, 'abcdefghij', 0, '2020-11-20 08:38:17', '2020-11-20 08:54:29'),
(95, 'bcgd', 0, '2020-11-20 08:38:37', '2020-11-20 08:38:42'),
(96, 'xyz', 0, '2020-11-20 08:39:51', '2020-11-20 08:40:41'),
(97, 'xyzh', 0, '2020-11-20 08:40:10', '2020-11-20 08:40:19'),
(98, 'tea', 0, '2020-11-20 08:51:30', '2020-11-20 08:51:30'),
(99, 'abcdefgggg', 0, '2020-11-20 08:54:48', '2020-11-20 08:54:59'),
(100, 'efg', 0, '2020-11-20 08:56:49', '2020-11-20 08:56:49'),
(101, 'eee', 0, '2020-11-20 08:58:32', '2020-11-20 08:58:32'),
(102, 'xxxx', 0, '2020-11-20 09:14:02', '2020-11-20 09:14:08'),
(103, 'xxxxx', 0, '2020-11-20 09:14:12', '2020-11-20 09:14:19'),
(104, 'xxxxxx', 0, '2020-11-20 09:14:29', '2020-11-20 09:14:34'),
(105, 'tr', 0, '2020-11-20 09:33:22', '2020-11-20 09:33:38'),
(106, 'c', 0, '2020-11-21 18:40:35', '2020-11-21 18:40:35'),
(107, 'te', 1, '2020-11-21 20:26:08', '2020-11-21 21:53:23');

-- --------------------------------------------------------

--
-- テーブルの構造 `searchquery_user`
--

CREATE TABLE `searchquery_user` (
  `id` int(10) UNSIGNED NOT NULL,
  `user_id` int(10) UNSIGNED NOT NULL,
  `searchquery_id` int(10) UNSIGNED NOT NULL,
  `created_at` timestamp NULL DEFAULT NULL,
  `updated_at` timestamp NULL DEFAULT NULL
) ENGINE=InnoDB DEFAULT CHARSET=utf8mb4 COLLATE=utf8mb4_unicode_ci;

--
-- テーブルのデータのダンプ `searchquery_user`
--

INSERT INTO `searchquery_user` (`id`, `user_id`, `searchquery_id`, `created_at`, `updated_at`) VALUES
(1, 1, 4, '2020-09-12 06:42:04', '2020-09-12 06:42:04'),
(2, 1, 4, '2020-09-12 06:42:12', '2020-09-12 06:42:12'),
(3, 1, 4, '2020-09-12 06:42:21', '2020-09-12 06:42:21'),
(4, 1, 4, '2020-09-12 07:36:33', '2020-09-12 07:36:33'),
(5, 1, 5, '2020-09-12 07:36:44', '2020-09-12 07:36:44'),
(6, 1, 5, '2020-09-12 07:36:47', '2020-09-12 07:36:47'),
(7, 1, 4, '2020-09-12 07:36:53', '2020-09-12 07:36:53'),
(8, 1, 4, '2020-09-12 07:37:11', '2020-09-12 07:37:11'),
(9, 1, 4, '2020-09-12 07:37:15', '2020-09-12 07:37:15'),
(10, 1, 4, '2020-09-12 07:37:17', '2020-09-12 07:37:17'),
(11, 1, 4, '2020-09-12 09:40:50', '2020-09-12 09:40:50'),
(12, 1, 4, '2020-09-12 10:49:30', '2020-09-12 10:49:30'),
(13, 1, 4, '2020-09-12 10:49:55', '2020-09-12 10:49:55'),
(14, 1, 4, '2020-09-12 10:50:17', '2020-09-12 10:50:17'),
(15, 1, 2, '2020-09-12 10:51:09', '2020-09-12 10:51:09'),
(16, 1, 2, '2020-09-12 10:51:13', '2020-09-12 10:51:13'),
(17, 1, 2, '2020-09-12 10:51:31', '2020-09-12 10:51:31'),
(18, 1, 6, '2020-09-12 10:51:51', '2020-09-12 10:51:51'),
(19, 1, 6, '2020-09-12 10:52:14', '2020-09-12 10:52:14'),
(20, 1, 4, '2020-09-12 10:53:10', '2020-09-12 10:53:10'),
(21, 1, 4, '2020-09-12 10:53:15', '2020-09-12 10:53:15'),
(22, 1, 4, '2020-09-13 08:04:38', '2020-09-13 08:04:38'),
(23, 1, 4, '2020-09-13 08:04:42', '2020-09-13 08:04:42'),
(24, 1, 4, '2020-09-13 08:04:44', '2020-09-13 08:04:44'),
(25, 1, 7, '2020-09-13 10:36:26', '2020-09-13 10:36:26'),
(26, 1, 4, '2020-09-13 11:30:49', '2020-09-13 11:30:49'),
(27, 1, 4, '2020-09-13 11:30:53', '2020-09-13 11:30:53'),
(28, 1, 4, '2020-09-13 11:30:55', '2020-09-13 11:30:55'),
(29, 1, 4, '2020-09-13 23:44:54', '2020-09-13 23:44:54'),
(30, 1, 4, '2020-09-13 23:44:56', '2020-09-13 23:44:56'),
(31, 1, 4, '2020-09-13 23:44:58', '2020-09-13 23:44:58'),
(32, 1, 4, '2020-09-14 11:24:20', '2020-09-14 11:24:20'),
(33, 1, 4, '2020-09-14 11:24:23', '2020-09-14 11:24:23'),
(34, 1, 4, '2020-09-14 11:24:30', '2020-09-14 11:24:30'),
(35, 1, 4, '2020-09-14 11:24:33', '2020-09-14 11:24:33'),
(36, 1, 4, '2020-09-14 11:29:24', '2020-09-14 11:29:24'),
(37, 1, 4, '2020-09-14 11:29:27', '2020-09-14 11:29:27'),
(38, 1, 4, '2020-09-14 11:52:42', '2020-09-14 11:52:42'),
(39, 1, 4, '2020-09-14 12:00:13', '2020-09-14 12:00:13'),
(40, 1, 4, '2020-09-14 12:00:17', '2020-09-14 12:00:17'),
(41, 1, 4, '2020-09-14 13:03:31', '2020-09-14 13:03:31'),
(42, 1, 8, '2020-09-14 17:14:07', '2020-09-14 17:14:07'),
(43, 1, 8, '2020-09-14 17:14:19', '2020-09-14 17:14:19'),
(44, 1, 8, '2020-09-14 17:15:13', '2020-09-14 17:15:13'),
(45, 1, 7, '2020-09-14 17:15:28', '2020-09-14 17:15:28'),
(46, 1, 7, '2020-09-14 17:16:22', '2020-09-14 17:16:22'),
(47, 1, 9, '2020-09-14 17:29:42', '2020-09-14 17:29:42'),
(48, 1, 9, '2020-09-14 17:30:25', '2020-09-14 17:30:25'),
(49, 1, 10, '2020-09-15 09:10:28', '2020-09-15 09:10:28'),
(50, 1, 10, '2020-09-15 09:10:34', '2020-09-15 09:10:34'),
(51, 1, 11, '2020-09-15 09:10:40', '2020-09-15 09:10:40'),
(52, 1, 8, '2020-09-16 13:43:30', '2020-09-16 13:43:30'),
(53, 1, 12, '2020-09-16 13:43:39', '2020-09-16 13:43:39'),
(54, 1, 12, '2020-09-16 13:44:08', '2020-09-16 13:44:08'),
(55, 1, 12, '2020-09-16 13:44:15', '2020-09-16 13:44:15'),
(56, 1, 12, '2020-09-16 13:44:17', '2020-09-16 13:44:17'),
(57, 1, 12, '2020-09-16 13:44:22', '2020-09-16 13:44:22'),
(58, 1, 7, '2020-09-16 13:53:07', '2020-09-16 13:53:07'),
(59, 1, 7, '2020-09-16 13:59:58', '2020-09-16 13:59:58'),
(60, 1, 7, '2020-09-16 14:05:54', '2020-09-16 14:05:54'),
(61, 1, 7, '2020-09-16 14:12:01', '2020-09-16 14:12:01'),
(62, 1, 7, '2020-09-16 14:12:05', '2020-09-16 14:12:05'),
(63, 1, 7, '2020-09-16 14:20:11', '2020-09-16 14:20:11'),
(64, 1, 7, '2020-09-16 14:20:15', '2020-09-16 14:20:15'),
(65, 1, 7, '2020-09-16 16:44:51', '2020-09-16 16:44:51'),
(66, 1, 7, '2020-09-16 16:45:05', '2020-09-16 16:45:05'),
(67, 1, 14, '2020-09-16 16:46:53', '2020-09-16 16:46:53'),
(68, 1, 14, '2020-09-16 16:46:57', '2020-09-16 16:46:57'),
(69, 1, 15, '2020-09-16 16:47:03', '2020-09-16 16:47:03'),
(70, 1, 15, '2020-09-16 16:52:47', '2020-09-16 16:52:47'),
(71, 1, 3, '2020-09-17 00:23:28', '2020-09-17 00:23:28'),
(72, 1, 16, '2020-09-17 00:32:37', '2020-09-17 00:32:37'),
(73, 1, 19, '2020-09-17 00:41:46', '2020-09-17 00:41:46'),
(74, 1, 19, '2020-09-17 00:41:58', '2020-09-17 00:41:58'),
(75, 1, 19, '2020-09-17 00:43:15', '2020-09-17 00:43:15'),
(76, 1, 19, '2020-09-17 00:45:16', '2020-09-17 00:45:16'),
(77, 1, 19, '2020-09-17 00:45:19', '2020-09-17 00:45:19'),
(78, 1, 19, '2020-09-17 00:45:32', '2020-09-17 00:45:32'),
(79, 1, 19, '2020-09-17 00:46:05', '2020-09-17 00:46:05'),
(80, 1, 19, '2020-09-17 00:46:08', '2020-09-17 00:46:08'),
(81, 1, 19, '2020-09-17 00:46:33', '2020-09-17 00:46:33'),
(82, 1, 19, '2020-09-17 00:47:06', '2020-09-17 00:47:06'),
(83, 1, 19, '2020-09-17 00:47:09', '2020-09-17 00:47:09'),
(84, 1, 19, '2020-09-17 00:53:04', '2020-09-17 00:53:04'),
(85, 1, 19, '2020-09-17 01:01:59', '2020-09-17 01:01:59'),
(86, 1, 19, '2020-09-17 01:02:02', '2020-09-17 01:02:02'),
(87, 1, 19, '2020-09-17 01:02:15', '2020-09-17 01:02:15'),
(88, 1, 19, '2020-09-17 01:05:17', '2020-09-17 01:05:17'),
(89, 1, 19, '2020-09-17 01:05:59', '2020-09-17 01:05:59'),
(90, 1, 19, '2020-09-17 01:06:29', '2020-09-17 01:06:29'),
(91, 1, 19, '2020-09-17 01:06:43', '2020-09-17 01:06:43'),
(92, 1, 19, '2020-09-17 01:07:58', '2020-09-17 01:07:58'),
(93, 1, 19, '2020-09-17 01:11:26', '2020-09-17 01:11:26'),
(94, 1, 19, '2020-09-17 01:12:02', '2020-09-17 01:12:02'),
(95, 1, 19, '2020-09-17 01:12:17', '2020-09-17 01:12:17'),
(96, 1, 19, '2020-09-17 01:12:30', '2020-09-17 01:12:30'),
(97, 1, 19, '2020-09-17 01:14:49', '2020-09-17 01:14:49'),
(98, 1, 19, '2020-09-17 01:14:53', '2020-09-17 01:14:53'),
(99, 1, 19, '2020-09-17 01:29:30', '2020-09-17 01:29:30'),
(100, 1, 19, '2020-09-17 01:29:37', '2020-09-17 01:29:37'),
(101, 1, 19, '2020-09-17 01:30:32', '2020-09-17 01:30:32'),
(102, 1, 19, '2020-09-17 01:33:48', '2020-09-17 01:33:48'),
(103, 1, 19, '2020-09-17 01:33:59', '2020-09-17 01:33:59'),
(104, 1, 19, '2020-09-17 01:34:02', '2020-09-17 01:34:02'),
(105, 1, 19, '2020-09-17 01:34:04', '2020-09-17 01:34:04'),
(106, 1, 19, '2020-09-17 03:04:17', '2020-09-17 03:04:17'),
(107, 1, 19, '2020-09-17 03:04:45', '2020-09-17 03:04:45'),
(108, 1, 19, '2020-09-17 03:05:13', '2020-09-17 03:05:13'),
(109, 1, 19, '2020-09-17 03:05:37', '2020-09-17 03:05:37'),
(110, 1, 19, '2020-09-17 03:06:25', '2020-09-17 03:06:25'),
(111, 1, 19, '2020-09-17 03:06:29', '2020-09-17 03:06:29'),
(112, 1, 19, '2020-09-17 03:06:38', '2020-09-17 03:06:38'),
(113, 1, 19, '2020-09-17 03:07:51', '2020-09-17 03:07:51'),
(114, 1, 19, '2020-09-17 03:07:54', '2020-09-17 03:07:54'),
(115, 1, 19, '2020-09-17 03:08:06', '2020-09-17 03:08:06'),
(116, 1, 19, '2020-09-17 03:08:16', '2020-09-17 03:08:16'),
(117, 1, 19, '2020-09-17 03:11:38', '2020-09-17 03:11:38'),
(118, 2, 15, '2020-09-18 00:30:12', '2020-09-18 00:30:12'),
(119, 2, 15, '2020-09-18 00:30:24', '2020-09-18 00:30:24'),
(120, 2, 15, '2020-09-18 00:30:57', '2020-09-18 00:30:57'),
(121, 2, 15, '2020-09-18 00:30:59', '2020-09-18 00:30:59'),
(122, 2, 20, '2020-09-18 00:35:05', '2020-09-18 00:35:05'),
(123, 2, 21, '2020-09-18 00:35:24', '2020-09-18 00:35:24'),
(124, 1, 22, '2020-09-18 13:44:10', '2020-09-18 13:44:10'),
(125, 1, 22, '2020-09-18 13:44:25', '2020-09-18 13:44:25'),
(126, 1, 22, '2020-09-18 13:44:50', '2020-09-18 13:44:50'),
(127, 1, 22, '2020-09-18 13:50:10', '2020-09-18 13:50:10'),
(128, 1, 23, '2020-09-20 07:48:40', '2020-09-20 07:48:40'),
(129, 1, 24, '2020-09-20 07:49:06', '2020-09-20 07:49:06'),
(130, 1, 23, '2020-09-20 07:59:15', '2020-09-20 07:59:15'),
(131, 1, 25, '2020-09-20 07:59:24', '2020-09-20 07:59:24'),
(132, 1, 4, '2020-09-20 07:59:37', '2020-09-20 07:59:37'),
(133, 1, 4, '2020-09-20 07:59:42', '2020-09-20 07:59:42'),
(134, 1, 4, '2020-09-20 07:59:45', '2020-09-20 07:59:45'),
(135, 1, 24, '2020-09-20 08:00:16', '2020-09-20 08:00:16'),
(136, 1, 24, '2020-09-20 08:00:54', '2020-09-20 08:00:54'),
(137, 1, 20, '2020-09-20 08:02:28', '2020-09-20 08:02:28'),
(138, 1, 20, '2020-09-20 08:02:39', '2020-09-20 08:02:39'),
(139, 1, 7, '2020-09-21 16:36:30', '2020-09-21 16:36:30'),
(140, 1, 26, '2020-09-22 23:09:03', '2020-09-22 23:09:03'),
(141, 1, 28, '2020-09-24 12:30:04', '2020-09-24 12:30:04'),
(142, 1, 28, '2020-09-24 12:31:02', '2020-09-24 12:31:02'),
(143, 1, 28, '2020-09-24 12:33:21', '2020-09-24 12:33:21'),
(144, 1, 7, '2020-09-24 16:18:14', '2020-09-24 16:18:14'),
(145, 1, 7, '2020-09-24 16:37:05', '2020-09-24 16:37:05'),
(146, 1, 7, '2020-09-24 16:37:28', '2020-09-24 16:37:28'),
(147, 1, 7, '2020-09-24 16:41:07', '2020-09-24 16:41:07'),
(148, 1, 7, '2020-09-24 17:29:28', '2020-09-24 17:29:28'),
(149, 1, 7, '2020-09-24 17:36:30', '2020-09-24 17:36:30'),
(150, 1, 7, '2020-09-24 17:50:15', '2020-09-24 17:50:15'),
(151, 1, 7, '2020-09-24 17:56:46', '2020-09-24 17:56:46'),
(152, 1, 7, '2020-09-24 17:57:58', '2020-09-24 17:57:58'),
(153, 1, 7, '2020-09-24 18:10:07', '2020-09-24 18:10:07'),
(154, 1, 7, '2020-09-24 18:12:58', '2020-09-24 18:12:58'),
(155, 1, 7, '2020-09-24 18:16:51', '2020-09-24 18:16:51'),
(156, 1, 7, '2020-09-24 20:14:14', '2020-09-24 20:14:14'),
(157, 1, 7, '2020-09-24 22:45:44', '2020-09-24 22:45:44'),
(158, 1, 7, '2020-09-24 22:48:49', '2020-09-24 22:48:49'),
(159, 1, 7, '2020-09-25 09:44:38', '2020-09-25 09:44:38'),
(160, 1, 7, '2020-09-25 09:46:26', '2020-09-25 09:46:26'),
(161, 1, 7, '2020-09-25 09:48:58', '2020-09-25 09:48:58'),
(162, 1, 7, '2020-09-25 10:23:03', '2020-09-25 10:23:03'),
(163, 1, 7, '2020-09-25 12:13:32', '2020-09-25 12:13:32'),
(164, 1, 7, '2020-09-25 12:44:56', '2020-09-25 12:44:56'),
(165, 1, 7, '2020-09-25 13:33:07', '2020-09-25 13:33:07'),
(166, 1, 7, '2020-09-25 13:35:20', '2020-09-25 13:35:20'),
(167, 1, 7, '2020-09-28 08:14:38', '2020-09-28 08:14:38'),
(168, 1, 31, '2020-09-29 00:17:02', '2020-09-29 00:17:02'),
(169, 1, 31, '2020-09-29 00:18:05', '2020-09-29 00:18:05'),
(170, 1, 32, '2020-09-29 05:37:40', '2020-09-29 05:37:40'),
(171, 1, 32, '2020-09-29 08:29:33', '2020-09-29 08:29:33'),
(172, 1, 35, '2020-09-29 20:51:41', '2020-09-29 20:51:41'),
(173, 1, 35, '2020-09-29 20:54:04', '2020-09-29 20:54:04'),
(174, 1, 35, '2020-09-29 20:57:08', '2020-09-29 20:57:08'),
(175, 1, 36, '2020-09-30 09:48:41', '2020-09-30 09:48:41'),
(176, 1, 36, '2020-09-30 09:51:04', '2020-09-30 09:51:04'),
(177, 1, 37, '2020-09-30 11:27:33', '2020-09-30 11:27:33'),
(178, 1, 4, '2020-09-30 11:30:32', '2020-09-30 11:30:32'),
(179, 1, 37, '2020-09-30 11:32:14', '2020-09-30 11:32:14'),
(180, 1, 7, '2020-09-30 11:32:52', '2020-09-30 11:32:52'),
(181, 1, 7, '2020-09-30 11:36:34', '2020-09-30 11:36:34'),
(182, 1, 7, '2020-09-30 11:39:30', '2020-09-30 11:39:30'),
(183, 1, 7, '2020-09-30 11:41:22', '2020-09-30 11:41:22'),
(184, 1, 7, '2020-09-30 11:42:07', '2020-09-30 11:42:07'),
(185, 1, 7, '2020-09-30 11:42:38', '2020-09-30 11:42:38'),
(186, 1, 7, '2020-09-30 19:49:03', '2020-09-30 19:49:03'),
(187, 1, 19, '2020-09-30 21:05:47', '2020-09-30 21:05:47'),
(188, 1, 19, '2020-09-30 21:06:18', '2020-09-30 21:06:18'),
(189, 1, 7, '2020-09-30 22:55:52', '2020-09-30 22:55:52'),
(190, 1, 7, '2020-09-30 22:56:50', '2020-09-30 22:56:50'),
(191, 1, 7, '2020-09-30 22:57:17', '2020-09-30 22:57:17'),
(192, 1, 7, '2020-09-30 22:57:39', '2020-09-30 22:57:39'),
(193, 1, 7, '2020-09-30 22:58:03', '2020-09-30 22:58:03'),
(194, 1, 7, '2020-09-30 22:58:17', '2020-09-30 22:58:17'),
(195, 1, 7, '2020-09-30 23:01:22', '2020-09-30 23:01:22'),
(196, 1, 7, '2020-09-30 23:05:59', '2020-09-30 23:05:59'),
(197, 1, 7, '2020-09-30 23:07:05', '2020-09-30 23:07:05'),
(198, 1, 7, '2020-09-30 23:07:55', '2020-09-30 23:07:55'),
(199, 1, 7, '2020-09-30 23:08:04', '2020-09-30 23:08:04'),
(200, 1, 7, '2020-10-01 08:00:29', '2020-10-01 08:00:29'),
(201, 1, 7, '2020-10-01 08:00:39', '2020-10-01 08:00:39'),
(202, 1, 7, '2020-10-01 08:03:34', '2020-10-01 08:03:34'),
(203, 1, 7, '2020-10-01 08:05:51', '2020-10-01 08:05:51'),
(204, 1, 7, '2020-10-01 08:06:11', '2020-10-01 08:06:11'),
(205, 1, 7, '2020-10-01 08:06:15', '2020-10-01 08:06:15'),
(206, 1, 40, '2020-10-01 08:06:47', '2020-10-01 08:06:47'),
(207, 1, 7, '2020-10-01 08:10:40', '2020-10-01 08:10:40'),
(208, 1, 48, '2020-10-01 08:45:58', '2020-10-01 08:45:58'),
(209, 1, 48, '2020-10-01 08:46:12', '2020-10-01 08:46:12'),
(210, 1, 49, '2020-10-01 08:57:42', '2020-10-01 08:57:42'),
(211, 1, 50, '2020-10-01 08:57:53', '2020-10-01 08:57:53'),
(212, 1, 7, '2020-10-01 09:25:28', '2020-10-01 09:25:28'),
(213, 1, 50, '2020-10-01 09:26:25', '2020-10-01 09:26:25'),
(214, 1, 7, '2020-10-01 09:38:43', '2020-10-01 09:38:43'),
(215, 1, 7, '2020-10-01 10:13:56', '2020-10-01 10:13:56'),
(216, 1, 7, '2020-10-01 10:14:47', '2020-10-01 10:14:47'),
(217, 1, 7, '2020-10-01 10:15:09', '2020-10-01 10:15:09'),
(218, 1, 7, '2020-10-01 10:51:19', '2020-10-01 10:51:19'),
(219, 1, 7, '2020-10-01 11:31:02', '2020-10-01 11:31:02'),
(220, 1, 7, '2020-10-06 22:53:20', '2020-10-06 22:53:20'),
(221, 1, 7, '2020-10-06 22:53:21', '2020-10-06 22:53:21'),
(222, 1, 2, '2020-10-06 22:53:58', '2020-10-06 22:53:58'),
(223, 1, 2, '2020-10-06 22:53:59', '2020-10-06 22:53:59'),
(224, 1, 7, '2020-10-06 23:26:00', '2020-10-06 23:26:00'),
(225, 1, 4, '2020-10-06 23:47:43', '2020-10-06 23:47:43'),
(226, 1, 26, '2020-10-07 01:01:49', '2020-10-07 01:01:49'),
(227, 1, 2, '2020-10-07 03:25:14', '2020-10-07 03:25:14'),
(228, 1, 2, '2020-10-07 03:39:12', '2020-10-07 03:39:12'),
(229, 1, 4, '2020-10-08 23:07:10', '2020-10-08 23:07:10'),
(230, 1, 4, '2020-10-08 23:20:26', '2020-10-08 23:20:26'),
(231, 1, 4, '2020-10-08 23:24:39', '2020-10-08 23:24:39'),
(232, 1, 4, '2020-10-08 23:27:04', '2020-10-08 23:27:04'),
(233, 1, 4, '2020-10-08 23:28:18', '2020-10-08 23:28:18'),
(234, 1, 52, '2020-10-09 07:22:38', '2020-10-09 07:22:38'),
(235, 1, 52, '2020-10-09 07:22:45', '2020-10-09 07:22:45'),
(236, 1, 52, '2020-10-09 07:22:59', '2020-10-09 07:22:59'),
(237, 1, 40, '2020-10-11 08:15:07', '2020-10-11 08:15:07'),
(238, 1, 40, '2020-10-11 08:15:20', '2020-10-11 08:15:20'),
(239, 1, 50, '2020-10-11 08:20:45', '2020-10-11 08:20:45'),
(240, 1, 7, '2020-10-14 15:04:42', '2020-10-14 15:04:42'),
(241, 1, 7, '2020-10-14 15:04:51', '2020-10-14 15:04:51'),
(242, 1, 2, '2020-10-14 15:06:49', '2020-10-14 15:06:49'),
(243, 1, 2, '2020-10-14 15:06:54', '2020-10-14 15:06:54'),
(244, 1, 4, '2020-10-14 15:08:04', '2020-10-14 15:08:04'),
(245, 1, 4, '2020-10-14 15:08:26', '2020-10-14 15:08:26'),
(246, 1, 4, '2020-10-14 15:09:54', '2020-10-14 15:09:54'),
(247, 1, 58, '2020-10-14 15:10:06', '2020-10-14 15:10:06'),
(248, 1, 58, '2020-10-14 15:10:12', '2020-10-14 15:10:12'),
(249, 1, 58, '2020-10-14 15:10:25', '2020-10-14 15:10:25'),
(250, 1, 58, '2020-10-14 15:10:29', '2020-10-14 15:10:29'),
(251, 1, 69, '2020-11-08 21:29:18', '2020-11-08 21:29:18'),
(252, 1, 48, '2020-11-08 21:29:46', '2020-11-08 21:29:46'),
(253, 1, 48, '2020-11-20 07:37:31', '2020-11-20 07:37:31'),
(254, 1, 84, '2020-11-20 07:37:42', '2020-11-20 07:37:42'),
(255, 1, 84, '2020-11-20 07:37:56', '2020-11-20 07:37:56'),
(256, 1, 84, '2020-11-20 07:40:58', '2020-11-20 07:40:58'),
(257, 1, 3, '2020-11-20 07:41:03', '2020-11-20 07:41:03'),
(258, 1, 85, '2020-11-20 07:41:08', '2020-11-20 07:41:08'),
(259, 1, 85, '2020-11-20 07:41:53', '2020-11-20 07:41:53'),
(260, 1, 85, '2020-11-20 07:41:58', '2020-11-20 07:41:58'),
(261, 1, 85, '2020-11-20 07:42:46', '2020-11-20 07:42:46'),
(262, 1, 86, '2020-11-20 08:13:07', '2020-11-20 08:13:07'),
(263, 1, 86, '2020-11-20 08:14:05', '2020-11-20 08:14:05'),
(264, 1, 3, '2020-11-20 08:14:15', '2020-11-20 08:14:15'),
(265, 1, 3, '2020-11-20 08:14:19', '2020-11-20 08:14:19'),
(266, 1, 19, '2020-11-20 08:14:23', '2020-11-20 08:14:23'),
(267, 1, 19, '2020-11-20 08:16:36', '2020-11-20 08:16:36'),
(268, 1, 48, '2020-11-20 08:16:45', '2020-11-20 08:16:45'),
(269, 1, 48, '2020-11-20 08:17:07', '2020-11-20 08:17:07'),
(270, 1, 21, '2020-11-20 08:17:31', '2020-11-20 08:17:31'),
(271, 1, 21, '2020-11-20 08:17:57', '2020-11-20 08:17:57'),
(272, 1, 87, '2020-11-20 08:18:09', '2020-11-20 08:18:09'),
(273, 1, 87, '2020-11-20 08:18:18', '2020-11-20 08:18:18'),
(274, 1, 88, '2020-11-20 08:18:21', '2020-11-20 08:18:21'),
(275, 1, 88, '2020-11-20 08:19:48', '2020-11-20 08:19:48'),
(276, 1, 89, '2020-11-20 08:30:05', '2020-11-20 08:30:05'),
(277, 1, 89, '2020-11-20 08:30:51', '2020-11-20 08:30:51'),
(278, 1, 89, '2020-11-20 08:30:56', '2020-11-20 08:30:56'),
(279, 1, 89, '2020-11-20 08:31:02', '2020-11-20 08:31:02'),
(280, 1, 90, '2020-11-20 08:31:12', '2020-11-20 08:31:12'),
(281, 1, 90, '2020-11-20 08:31:16', '2020-11-20 08:31:16'),
(282, 1, 91, '2020-11-20 08:31:25', '2020-11-20 08:31:25'),
(283, 1, 92, '2020-11-20 08:31:40', '2020-11-20 08:31:40'),
(284, 1, 92, '2020-11-20 08:34:48', '2020-11-20 08:34:48'),
(285, 1, 93, '2020-11-20 08:35:06', '2020-11-20 08:35:06'),
(286, 1, 91, '2020-11-20 08:36:44', '2020-11-20 08:36:44'),
(287, 1, 91, '2020-11-20 08:37:57', '2020-11-20 08:37:57'),
(288, 1, 94, '2020-11-20 08:38:17', '2020-11-20 08:38:17'),
(289, 1, 94, '2020-11-20 08:38:23', '2020-11-20 08:38:23'),
(290, 1, 95, '2020-11-20 08:38:37', '2020-11-20 08:38:37'),
(291, 1, 95, '2020-11-20 08:38:42', '2020-11-20 08:38:42'),
(292, 1, 96, '2020-11-20 08:39:51', '2020-11-20 08:39:51'),
(293, 1, 96, '2020-11-20 08:39:56', '2020-11-20 08:39:56'),
(294, 1, 97, '2020-11-20 08:40:10', '2020-11-20 08:40:10'),
(295, 1, 97, '2020-11-20 08:40:19', '2020-11-20 08:40:19'),
(296, 1, 96, '2020-11-20 08:40:29', '2020-11-20 08:40:29'),
(297, 1, 96, '2020-11-20 08:40:41', '2020-11-20 08:40:41'),
(298, 1, 19, '2020-11-20 08:41:15', '2020-11-20 08:41:15'),
(299, 1, 89, '2020-11-20 08:41:19', '2020-11-20 08:41:19'),
(300, 1, 48, '2020-11-20 08:41:24', '2020-11-20 08:41:24'),
(301, 1, 78, '2020-11-20 08:41:29', '2020-11-20 08:41:29'),
(302, 1, 3, '2020-11-20 08:41:35', '2020-11-20 08:41:35'),
(303, 1, 98, '2020-11-20 08:51:30', '2020-11-20 08:51:30'),
(304, 1, 87, '2020-11-20 08:53:51', '2020-11-20 08:53:51'),
(305, 1, 94, '2020-11-20 08:54:02', '2020-11-20 08:54:02'),
(306, 1, 94, '2020-11-20 08:54:07', '2020-11-20 08:54:07'),
(307, 1, 94, '2020-11-20 08:54:29', '2020-11-20 08:54:29'),
(308, 1, 99, '2020-11-20 08:54:48', '2020-11-20 08:54:48'),
(309, 1, 99, '2020-11-20 08:54:59', '2020-11-20 08:54:59'),
(310, 1, 90, '2020-11-20 08:55:08', '2020-11-20 08:55:08'),
(311, 1, 90, '2020-11-20 08:55:28', '2020-11-20 08:55:28'),
(312, 1, 89, '2020-11-20 08:55:35', '2020-11-20 08:55:35'),
(313, 1, 90, '2020-11-20 08:55:44', '2020-11-20 08:55:44'),
(314, 1, 90, '2020-11-20 08:56:28', '2020-11-20 08:56:28'),
(315, 1, 89, '2020-11-20 08:56:33', '2020-11-20 08:56:33'),
(316, 1, 87, '2020-11-20 08:56:42', '2020-11-20 08:56:42'),
(317, 1, 100, '2020-11-20 08:56:49', '2020-11-20 08:56:49'),
(318, 1, 101, '2020-11-20 08:58:32', '2020-11-20 08:58:32'),
(319, 1, 93, '2020-11-20 08:59:09', '2020-11-20 08:59:09'),
(320, 1, 93, '2020-11-20 09:05:51', '2020-11-20 09:05:51'),
(321, 1, 102, '2020-11-20 09:14:02', '2020-11-20 09:14:02'),
(322, 1, 102, '2020-11-20 09:14:08', '2020-11-20 09:14:08'),
(323, 1, 103, '2020-11-20 09:14:12', '2020-11-20 09:14:12'),
(324, 1, 103, '2020-11-20 09:14:19', '2020-11-20 09:14:19');

-- --------------------------------------------------------

--
-- テーブルの構造 `taglogs`
--

CREATE TABLE `taglogs` (
  `id` int(10) UNSIGNED NOT NULL,
  `tag_id` int(10) UNSIGNED NOT NULL,
  `user_id` int(10) UNSIGNED NOT NULL,
  `created_at` timestamp NOT NULL DEFAULT CURRENT_TIMESTAMP ON UPDATE CURRENT_TIMESTAMP
) ENGINE=InnoDB DEFAULT CHARSET=utf8mb4 COLLATE=utf8mb4_unicode_ci;

-- --------------------------------------------------------

--
-- テーブルの構造 `tags`
--

CREATE TABLE `tags` (
  `id` int(10) UNSIGNED NOT NULL,
  `video_id` int(11) NOT NULL,
  `user_id` int(11) NOT NULL,
  `tags` varchar(255) COLLATE utf8mb4_unicode_ci NOT NULL,
  `start` time NOT NULL,
  `end` time NOT NULL,
  `preview` varchar(255) COLLATE utf8mb4_unicode_ci NOT NULL,
  `previewgif` varchar(255) COLLATE utf8mb4_unicode_ci NOT NULL,
  `created_at` timestamp NULL DEFAULT NULL,
  `updated_at` timestamp NULL DEFAULT NULL,
  `privacySetting` varchar(255) COLLATE utf8mb4_unicode_ci NOT NULL
) ENGINE=InnoDB DEFAULT CHARSET=utf8mb4 COLLATE=utf8mb4_unicode_ci;

--
-- テーブルのデータのダンプ `tags`
--

INSERT INTO `tags` (`id`, `video_id`, `user_id`, `tags`, `start`, `end`, `preview`, `previewgif`, `created_at`, `updated_at`, `privacySetting`) VALUES
(7, 7, 1, 'shabu', '00:00:00', '00:00:01', 'R4X4rYFlhW8-0-151293791.png', 'R4X4rYFlhW8-0-1869644444.gif', '2020-09-16 13:44:04', '2020-09-16 13:44:04', 'public'),
(10, 9, 1, 'privacyTest', '00:00:00', '00:00:01', 't-mQvJ9Onhs-0-11447666.png', 't-mQvJ9Onhs-0-908468554.gif', '2020-09-16 14:06:17', '2020-09-16 14:06:17', 'public'),
(11, 8, 1, 'privacyTest2', '00:00:07', '00:00:09', 'ugRc5jx80yg-7-1339476226.png', 'ugRc5jx80yg-7-1679759348.gif', '2020-09-16 14:10:16', '2020-09-16 14:10:16', 'limited'),
(12, 8, 1, 'privacyTest3', '00:00:02', '00:00:03', 'ugRc5jx80yg-2-840441130.png', 'ugRc5jx80yg-2-822188348.gif', '2020-09-16 16:38:12', '2020-09-16 16:38:12', 'limited'),
(13, 8, 1, 'privacyTest4', '00:00:01', '00:00:03', 'ugRc5jx80yg-1-199465549.png', 'ugRc5jx80yg-1-1295092867.gif', '2020-09-16 16:39:37', '2020-09-16 16:39:37', 'public'),
(14, 8, 1, 'privacyTest5', '00:00:01', '00:00:02', 'ugRc5jx80yg-1-161839795.png', 'ugRc5jx80yg-1-636507853.gif', '2020-09-16 16:40:48', '2020-09-16 16:40:48', 'public'),
(15, 8, 1, 'privacyTest6', '00:00:08', '00:00:09', 'ugRc5jx80yg-8-1368225364.png', 'ugRc5jx80yg-8-1590131175.gif', '2020-09-16 16:42:37', '2020-09-16 16:42:37', 'public'),
(16, 8, 1, 'privacyTest7', '00:00:11', '00:00:13', 'ugRc5jx80yg-11-1457746313.png', 'ugRc5jx80yg-11-163977242.gif', '2020-09-16 16:44:16', '2020-09-16 16:44:16', 'private'),
(17, 8, 1, 'privacyTest8', '00:00:23', '00:00:24', 'ugRc5jx80yg-23-1349261526.png', 'ugRc5jx80yg-23-636490886.gif', '2020-09-16 16:44:38', '2020-09-16 16:44:38', 'limited'),
(18, 12, 1, 'playlistetest1', '00:00:02', '00:00:04', 'SAWzXkV3hHo-2-86248803.png', 'SAWzXkV3hHo-2-774513522.gif', '2020-09-16 16:50:55', '2020-09-20 07:48:10', 'limited'),
(19, 13, 2, 'user2-1', '00:00:00', '00:00:03', 'Mh5LY4Mz15o-0-639118071.png', 'Mh5LY4Mz15o-0-155748363.gif', '2020-09-18 00:30:55', '2020-09-18 03:39:22', 'private'),
(20, 15, 1, 'test', '00:00:01', '00:00:03', 'myh7jSRRGvI-1-632001714.png', 'myh7jSRRGvI-1-1703747132.gif', '2020-09-24 12:11:42', '2020-09-24 12:11:42', 'public'),
(21, 18, 1, 'tennistest', '00:00:30', '00:00:33', 'UszMjWeprtk-30-384859708.png', 'UszMjWeprtk-30-1494756434.gif', '2020-09-24 12:30:54', '2020-09-24 12:30:54', 'public'),
(22, 18, 1, 'tennisTest2', '00:00:01', '00:00:04', 'UszMjWeprtk-1-425701833.png', 'UszMjWeprtk-1-315328823.gif', '2020-09-24 12:43:46', '2020-09-24 12:43:46', 'public'),
(23, 18, 1, 'tennisTest3', '00:00:00', '00:00:01', 'UszMjWeprtk-0-1614395850.png', 'UszMjWeprtk-0-913160215.gif', '2020-09-24 12:52:05', '2020-09-24 12:52:05', 'public'),
(24, 23, 1, 'test', '00:00:01', '00:00:02', 'r4YIdn2eTm4-1-723178023.png', 'r4YIdn2eTm4-1-1776557401.gif', '2020-09-29 00:17:50', '2020-09-29 00:17:50', 'public'),
(25, 23, 1, 's3Test2', '00:00:02', '00:00:04', 'r4YIdn2eTm4-2-883636866.png', 'r4YIdn2eTm4-2-1858378965.gif', '2020-09-29 00:57:06', '2020-09-29 00:57:06', 'public'),
(26, 23, 1, 's3Test4', '00:00:01', '00:00:03', 'r4YIdn2eTm4-1-244043089.png', 'r4YIdn2eTm4-1-187436597.gif', '2020-09-29 01:04:36', '2020-09-29 01:04:36', 'public'),
(27, 23, 1, 's3Test5', '00:00:00', '00:00:02', 'r4YIdn2eTm4-0-461512678.png', 'r4YIdn2eTm4-0-147717275.gif', '2020-09-29 03:27:23', '2020-09-29 03:27:23', 'public'),
(28, 23, 1, 's3Test6', '00:00:07', '00:00:09', 'r4YIdn2eTm4-7-1348854993.png', 'r4YIdn2eTm4-7-1823324751.gif', '2020-09-29 03:31:17', '2020-09-29 03:31:17', 'public'),
(29, 23, 1, 's3Test7', '00:00:06', '00:00:07', 'r4YIdn2eTm4-6-98612180.png', 'r4YIdn2eTm4-6-1865850405.gif', '2020-09-29 03:33:23', '2020-09-29 03:33:23', 'public'),
(30, 23, 1, 's3Test8', '00:00:01', '00:00:03', 'r4YIdn2eTm4-1-172058025.png', 'r4YIdn2eTm4-1-597501928.gif', '2020-09-29 04:20:08', '2020-09-29 04:20:08', 'public'),
(31, 23, 1, 's3Test9', '00:00:02', '00:00:03', 'r4YIdn2eTm4-2-159964511.png', 'r4YIdn2eTm4-2-1473510659.gif', '2020-09-29 05:03:32', '2020-09-29 05:03:32', 'public'),
(32, 24, 1, 's3Test10', '00:01:03', '00:01:04', 'conyHIIWZEI-63-1507123637.png', 'conyHIIWZEI-63-1640040091.gif', '2020-09-29 06:11:24', '2020-09-29 06:11:24', 'public'),
(33, 24, 1, 'aa', '00:00:01', '00:00:02', 'conyHIIWZEI-1-117255514.png', 'conyHIIWZEI-1-1674771576.gif', '2020-09-29 08:29:22', '2020-09-29 08:29:22', 'public'),
(34, 25, 1, 's3Test11', '00:00:09', '00:00:11', '77lMCiiMilo-9-2061837811.png', '77lMCiiMilo-9-1131975504.gif', '2020-09-29 20:31:14', '2020-09-29 20:31:14', 'public'),
(35, 25, 1, 's3Test12', '00:00:02', '00:00:04', '77lMCiiMilo-2-1413509298.png', '77lMCiiMilo-2-1816808563.gif', '2020-09-29 20:48:13', '2020-09-29 20:48:13', 'public'),
(39, 26, 1, 's3Test13::updated::updated2', '00:07:25', '00:07:28', 'BLIDS27ZJhg-445-38270601.png', 'BLIDS27ZJhg-445-623715135.gif', '2020-09-30 09:35:09', '2020-11-08 21:54:32', 'public'),
(40, 27, 1, 'オーシャンズ', '00:00:07', '00:00:08', '3lHThMaOW7I-7-937166787.png', '3lHThMaOW7I-7-1097746926.gif', '2020-09-30 09:51:53', '2020-09-30 09:51:53', 'public'),
(41, 27, 1, 'イプシロンtest', '00:00:00', '00:00:02', '3lHThMaOW7I-0-1600753811.png', '3lHThMaOW7I-0-1944743149.gif', '2020-10-02 23:11:09', '2020-10-02 23:11:09', 'public'),
(42, 29, 1, 'test', '00:00:01', '00:00:04', 'BIHW9YiZqJw-1-1531119817.png', 'BIHW9YiZqJw-1-1871601659.gif', '2020-10-02 23:12:48', '2020-10-02 23:12:48', 'public'),
(43, 27, 1, 'ffmpeg1', '00:00:05', '00:00:09', '3lHThMaOW7I-5-1966800302.png', '3lHThMaOW7I-5-349513001.gif', '2020-10-06 20:11:59', '2020-10-06 20:11:59', 'public'),
(44, 26, 1, 'ffmpeg2', '00:00:02', '00:00:03', 'BLIDS27ZJhg-2-1999404624.png', 'BLIDS27ZJhg-2-37991341.gif', '2020-10-06 20:51:39', '2020-10-06 20:51:39', 'public'),
(45, 33, 1, 'ffmpeg3', '00:03:27', '00:03:32', 'kwkktvguM40-207-334127280.png', 'kwkktvguM40-207-1944201416.gif', '2020-10-07 08:54:31', '2020-10-07 08:54:31', 'public'),
(46, 34, 1, 'giftest', '00:00:24', '00:00:25', 'n80CYo5L8mQ-24-2086666138.png', 'n80CYo5L8mQ-24-719177597.gif', '2020-10-07 09:06:22', '2020-10-07 09:06:22', 'public'),
(47, 34, 1, 'snackbartest1', '00:00:00', '00:00:01', 'n80CYo5L8mQ-0-1901965369.png', 'n80CYo5L8mQ-0-2089201313.gif', '2020-10-07 09:15:34', '2020-10-07 09:15:34', 'public');

-- --------------------------------------------------------

--
-- テーブルの構造 `tag_comments`
--

CREATE TABLE `tag_comments` (
  `id` int(10) UNSIGNED NOT NULL,
  `tag_id` int(10) UNSIGNED NOT NULL,
  `content` varchar(255) COLLATE utf8mb4_unicode_ci DEFAULT NULL,
  `user_id` int(10) UNSIGNED NOT NULL,
  `parent_id` int(10) UNSIGNED NOT NULL,
  `created_at` timestamp NOT NULL DEFAULT CURRENT_TIMESTAMP ON UPDATE CURRENT_TIMESTAMP
) ENGINE=InnoDB DEFAULT CHARSET=utf8mb4 COLLATE=utf8mb4_unicode_ci;

-- --------------------------------------------------------

--
-- テーブルの構造 `topsearchqueries`
--

CREATE TABLE `topsearchqueries` (
  `id` int(10) UNSIGNED NOT NULL,
  `searchquery_id` int(10) UNSIGNED NOT NULL,
  `user_id_count` int(10) UNSIGNED NOT NULL,
  `searchOption` tinyint(4) NOT NULL,
  `created_at` timestamp NULL DEFAULT NULL,
  `updated_at` timestamp NULL DEFAULT NULL
) ENGINE=InnoDB DEFAULT CHARSET=utf8mb4 COLLATE=utf8mb4_unicode_ci;

--
-- テーブルのデータのダンプ `topsearchqueries`
--

INSERT INTO `topsearchqueries` (`id`, `searchquery_id`, `user_id_count`, `searchOption`, `created_at`, `updated_at`) VALUES
(15051, 67, 0, 0, '2020-11-21 21:18:52', '2020-11-21 21:18:52'),
(15052, 68, 0, 0, '2020-11-21 21:18:52', '2020-11-21 21:18:52'),
(15053, 69, 1, 0, '2020-11-21 21:18:52', '2020-11-21 21:18:52'),
(15054, 71, 0, 0, '2020-11-21 21:18:52', '2020-11-21 21:18:52'),
(15055, 72, 0, 0, '2020-11-21 21:18:52', '2020-11-21 21:18:52'),
(15056, 73, 0, 0, '2020-11-21 21:18:52', '2020-11-21 21:18:52'),
(15057, 74, 0, 0, '2020-11-21 21:18:52', '2020-11-21 21:18:52'),
(15058, 75, 0, 0, '2020-11-21 21:18:52', '2020-11-21 21:18:52'),
(15059, 76, 0, 0, '2020-11-21 21:18:52', '2020-11-21 21:18:52'),
(15060, 77, 0, 0, '2020-11-21 21:18:53', '2020-11-21 21:18:53'),
(15061, 78, 1, 0, '2020-11-21 21:18:53', '2020-11-21 21:18:53'),
(15062, 79, 0, 0, '2020-11-21 21:18:53', '2020-11-21 21:18:53'),
(15063, 80, 0, 0, '2020-11-21 21:18:53', '2020-11-21 21:18:53'),
(15064, 81, 0, 0, '2020-11-21 21:18:53', '2020-11-21 21:18:53'),
(15065, 82, 0, 0, '2020-11-21 21:18:53', '2020-11-21 21:18:53'),
(15066, 83, 0, 0, '2020-11-21 21:18:53', '2020-11-21 21:18:53'),
(15067, 84, 1, 0, '2020-11-21 21:18:53', '2020-11-21 21:18:53'),
(15068, 85, 1, 0, '2020-11-21 21:18:53', '2020-11-21 21:18:53'),
(15069, 86, 1, 0, '2020-11-21 21:18:53', '2020-11-21 21:18:53'),
(15070, 87, 1, 0, '2020-11-21 21:18:53', '2020-11-21 21:18:53'),
(15071, 88, 1, 0, '2020-11-21 21:18:53', '2020-11-21 21:18:53'),
(15072, 89, 1, 0, '2020-11-21 21:18:53', '2020-11-21 21:18:53'),
(15073, 90, 1, 0, '2020-11-21 21:18:53', '2020-11-21 21:18:53'),
(15074, 91, 1, 0, '2020-11-21 21:18:53', '2020-11-21 21:18:53'),
(15075, 92, 1, 0, '2020-11-21 21:18:53', '2020-11-21 21:18:53'),
(15076, 93, 1, 0, '2020-11-21 21:18:53', '2020-11-21 21:18:53'),
(15077, 94, 1, 0, '2020-11-21 21:18:53', '2020-11-21 21:18:53'),
(15078, 95, 1, 0, '2020-11-21 21:18:53', '2020-11-21 21:18:53'),
(15079, 96, 1, 0, '2020-11-21 21:18:53', '2020-11-21 21:18:53'),
(15080, 97, 1, 0, '2020-11-21 21:18:53', '2020-11-21 21:18:53'),
(15081, 98, 1, 0, '2020-11-21 21:18:53', '2020-11-21 21:18:53'),
(15082, 99, 1, 0, '2020-11-21 21:18:53', '2020-11-21 21:18:53'),
(15083, 100, 1, 0, '2020-11-21 21:18:53', '2020-11-21 21:18:53'),
(15084, 101, 1, 0, '2020-11-21 21:18:53', '2020-11-21 21:18:53'),
(15085, 102, 1, 0, '2020-11-21 21:18:53', '2020-11-21 21:18:53'),
(15086, 103, 1, 0, '2020-11-21 21:18:53', '2020-11-21 21:18:53'),
(15087, 104, 0, 0, '2020-11-21 21:18:53', '2020-11-21 21:18:53'),
(15088, 105, 0, 0, '2020-11-21 21:18:53', '2020-11-21 21:18:53'),
(15089, 106, 0, 0, '2020-11-21 21:18:53', '2020-11-21 21:18:53'),
(15131, 65, 0, 1, '2020-11-21 22:44:35', '2020-11-21 22:44:35'),
(15132, 66, 0, 1, '2020-11-21 22:44:35', '2020-11-21 22:44:35'),
(15133, 70, 0, 1, '2020-11-21 22:44:35', '2020-11-21 22:44:35'),
(15134, 107, 0, 1, '2020-11-21 22:44:35', '2020-11-21 22:44:35');

-- --------------------------------------------------------

--
-- テーブルの構造 `users`
--

CREATE TABLE `users` (
  `id` int(10) UNSIGNED NOT NULL,
  `name` varchar(255) COLLATE utf8mb4_unicode_ci NOT NULL,
  `email` varchar(255) COLLATE utf8mb4_unicode_ci DEFAULT NULL,
  `password` varchar(60) COLLATE utf8mb4_unicode_ci DEFAULT NULL,
  `remember_token` varchar(100) COLLATE utf8mb4_unicode_ci DEFAULT NULL,
  `created_at` timestamp NULL DEFAULT NULL,
  `updated_at` timestamp NULL DEFAULT NULL,
  `provider` varchar(255) COLLATE utf8mb4_unicode_ci NOT NULL,
  `provider_id` varchar(255) COLLATE utf8mb4_unicode_ci NOT NULL
) ENGINE=InnoDB DEFAULT CHARSET=utf8mb4 COLLATE=utf8mb4_unicode_ci;

--
-- テーブルのデータのダンプ `users`
--

INSERT INTO `users` (`id`, `name`, `email`, `password`, `remember_token`, `created_at`, `updated_at`, `provider`, `provider_id`) VALUES
(1, 'tester1', 'test@test.com', '$2y$10$Bm.rdQj6sdBrUsuAAFXoA.Sihb8FAUHkXDDEUaarFNpcabNDVObQe', NULL, '2020-09-09 09:36:45', '2020-09-09 09:36:45', 'email', 'na'),
(2, 'tester2', 'test2@test.com', '$2y$10$NWOpWfAV9qvOfu4jxmBdtevv5ZDGPovqDJvQd8QUrQpUE0NzehRGe', NULL, '2020-09-17 16:48:49', '2020-09-17 16:48:49', 'email', 'na');

-- --------------------------------------------------------

--
-- テーブルの構造 `videos`
--

CREATE TABLE `videos` (
  `id` int(10) UNSIGNED NOT NULL,
  `youtubeId` varchar(255) COLLATE utf8mb4_unicode_ci DEFAULT NULL,
  `user_id` int(11) NOT NULL,
  `title` varchar(255) COLLATE utf8mb4_unicode_ci NOT NULL,
  `channel_title` varchar(255) COLLATE utf8mb4_unicode_ci DEFAULT NULL,
  `thumbnail` varchar(255) COLLATE utf8mb4_unicode_ci NOT NULL,
  `duration` time NOT NULL,
  `category` varchar(255) COLLATE utf8mb4_unicode_ci NOT NULL,
  `view_count` varchar(255) COLLATE utf8mb4_unicode_ci DEFAULT NULL,
  `published_at` varchar(255) COLLATE utf8mb4_unicode_ci DEFAULT NULL,
  `created_at` timestamp NULL DEFAULT NULL,
  `updated_at` timestamp NULL DEFAULT NULL
) ENGINE=InnoDB DEFAULT CHARSET=utf8mb4 COLLATE=utf8mb4_unicode_ci;

--
-- テーブルのデータのダンプ `videos`
--

INSERT INTO `videos` (`id`, `youtubeId`, `user_id`, `title`, `channel_title`, `thumbnail`, `duration`, `category`, `view_count`, `published_at`, `created_at`, `updated_at`) VALUES
(1, '6QERPhFQe1g', 1, 'Ronaldinho 2017 ● Skill Show ● Football & Futsal', 'FEEL MY STYLE', 'https://i.ytimg.com/vi/6QERPhFQe1g/hqdefault.jpg', '00:05:31', 'Sports', '21788476', '2017-10-08T16:08:16Z', '2020-09-12 10:50:13', '2020-09-12 10:50:13'),
(2, 'L4aBqvbP_MM', 1, 'Soccer Trick Shots | Dude Perfect', 'Dude Perfect', 'https://i.ytimg.com/vi/L4aBqvbP_MM/hqdefault.jpg', '00:07:21', 'Sports', '87490653', '2016-01-18T20:55:59Z', '2020-09-12 10:51:27', '2020-09-12 10:51:27'),
(3, '2GZrPR5Ajrs', 1, '$3 Sushi Vs. $250 Sushi', 'BuzzFeedVideo', 'https://i.ytimg.com/vi/2GZrPR5Ajrs/hqdefault.jpg', '00:07:29', 'People & Blogs', '31692026', '2016-09-18T14:00:00Z', '2020-09-12 10:52:10', '2020-09-12 10:52:10'),
(4, 'tM0cLZR4A4g', 1, '牛肉の部位がわかる「焼肉パズル」 / Yakiniku Puzzle. Japanese Toy', 'おもしろ雑貨コレクター', 'https://i.ytimg.com/vi/tM0cLZR4A4g/hqdefault.jpg', '00:06:24', 'Howto & Style', '15009127', '2017-12-03T08:10:04Z', '2020-09-14 17:15:09', '2020-09-14 17:15:09'),
(5, 'znK652H6yQM', 1, 'iPhone 6 Plus Bend Test', 'Unbox Therapy', 'https://i.ytimg.com/vi/znK652H6yQM/hqdefault.jpg', '00:04:31', 'Science & Technology', NULL, '2014-09-23T20:32:03Z', '2020-09-14 17:25:26', '2020-09-16 13:57:56'),
(6, '3cLaap3isbk', 1, 'Iseya: Super Cheap Yakitori in Kichijoji', 'Simon and Martina', 'https://i.ytimg.com/vi/3cLaap3isbk/hqdefault.jpg', '00:07:36', 'Travel & Events', '817414', '2016-04-16T15:06:48Z', '2020-09-14 17:30:20', '2020-09-14 17:30:20'),
(7, 'R4X4rYFlhW8', 1, 'BEST All You Can Eat SHABU SHABU HOTPOT BUFFET in Tokyo! Wagyu and Sukiyaki', 'Strictly Dumpling', 'https://i.ytimg.com/vi/R4X4rYFlhW8/hqdefault.jpg', '00:16:54', 'Travel & Events', NULL, '2018-12-20T20:00:07Z', '2020-09-16 13:44:03', '2020-09-16 14:13:12'),
(8, 'ugRc5jx80yg', 1, 'Testing if Sharks Can Smell a Drop of Blood', 'Mark Rober', 'https://i.ytimg.com/vi/ugRc5jx80yg/hqdefault.jpg', '00:15:35', 'Science & Technology', NULL, '2019-07-28T16:17:19Z', '2020-09-16 14:00:18', '2020-09-16 16:25:21'),
(9, 't-mQvJ9Onhs', 1, 'Experiment Car vs Pepsi | Crushing crunchy & soft things by car | Test Ex', 'Test Ex', 'https://i.ytimg.com/vi/t-mQvJ9Onhs/hqdefault.jpg', '00:03:45', 'People & Blogs', NULL, '2019-11-06T01:30:01Z', '2020-09-16 14:06:16', '2020-09-24 16:07:40'),
(10, 'iVbopWyBR5Y', 1, 'A Color Test That Can Tell Your Mental Age', 'BRIGHT SIDE', 'https://i.ytimg.com/vi/iVbopWyBR5Y/hqdefault.jpg', '00:07:37', 'Howto & Style', '33541397', '2018-02-14T17:00:04Z', '2020-09-16 14:12:27', '2020-09-16 14:12:27'),
(11, 'vePc5V4h_kg', 1, 'Shark Attack Test- Human Blood vs. Fish Blood', 'Mark Rober', 'https://i.ytimg.com/vi/vePc5V4h_kg/hqdefault.jpg', '00:17:54', 'Science & Technology', '28326402', '2020-08-09T16:00:11Z', '2020-09-16 14:20:27', '2020-09-16 14:20:27'),
(12, 'SAWzXkV3hHo', 1, 'Shawn Mendes, Zedd - Lost In Japan (Original + Remix)', 'ShawnMendesVEVO', 'https://i.ytimg.com/vi/SAWzXkV3hHo/hqdefault.jpg', '00:03:54', 'Music', '91903775', '2018-10-26T02:40:35Z', '2020-09-16 16:50:53', '2020-09-16 16:50:53'),
(13, 'Mh5LY4Mz15o', 2, 'history of japan', 'bill wurtz', 'https://i.ytimg.com/vi/Mh5LY4Mz15o/hqdefault.jpg', '00:09:01', 'People & Blogs', '60246280', '2016-02-02T22:23:45Z', '2020-09-18 00:30:52', '2020-09-18 00:30:52'),
(14, 'xYdplZSRO94', 1, 'PIVÔS DESTRUINDO NO FUTSAL 😱  (Eles são absurdos)', 'BR FUTSAL', 'https://i.ytimg.com/vi/xYdplZSRO94/hqdefault.jpg', '00:05:36', 'Sports', NULL, '2020-01-05T20:00:07Z', '2020-09-20 07:49:46', '2020-09-20 07:52:41'),
(15, 'myh7jSRRGvI', 1, 'Quand tu joues au Futsal (Amateur)', 'BEST OF CULTES', 'https://i.ytimg.com/vi/myh7jSRRGvI/hqdefault.jpg', '00:05:13', 'Comedy', NULL, '2017-04-09T19:49:06Z', '2020-09-20 08:00:06', '2020-09-21 16:24:15'),
(16, 'xjPi6IcSH_Q', 1, 'The BEST Plays of the 2019 NBA Finals | Presented by YouTubeTV', 'NBA', 'https://i.ytimg.com/vi/xjPi6IcSH_Q/hqdefault.jpg', '00:12:52', 'Sports', NULL, '2019-06-14T16:00:08Z', '2020-09-22 23:09:18', '2020-09-22 23:11:14'),
(17, 'ZjraUKJRIt8', 1, 'Amazon’s City of The Future', 'Venture City', 'https://i.ytimg.com/vi/ZjraUKJRIt8/hqdefault.jpg', '00:21:20', 'Science & Technology', NULL, '2019-11-06T18:02:45Z', '2020-09-23 12:54:50', '2020-09-23 12:55:24'),
(18, 'UszMjWeprtk', 1, 'Humbert Shocks Medvedev; Monfils Out, Fognini & Khachanov Win | Hamburg 2020 Day 2 Highlights', 'Tennis TV', 'https://i.ytimg.com/vi/UszMjWeprtk/hqdefault.jpg', '00:08:54', 'Sports', NULL, '2020-09-22T20:48:27Z', '2020-09-24 12:30:53', '2020-09-24 12:52:03'),
(19, 'E5dyU94g6rw', 1, '【緊迫】勝てば決勝進出の埼玉大会！140kmの豪腕相手にノーヒットの苦しい展開…果たしてどうなる！？', '【STBC】ST Baseball Club', 'https://i.ytimg.com/vi/E5dyU94g6rw/hqdefault.jpg', '00:10:25', 'Sports', NULL, '2020-09-25T10:00:03Z', '2020-09-25 09:38:00', '2020-09-28 20:43:27'),
(20, 'Kt8RupLIkBQ', 1, '10 Hardest Choices Ever (Personality Test)', 'BRIGHT SIDE', 'https://i.ytimg.com/vi/Kt8RupLIkBQ/hqdefault.jpg', '00:08:36', 'Howto & Style', NULL, '2018-01-17T03:00:01Z', '2020-09-25 10:23:14', '2020-09-25 12:13:47'),
(21, 'YB3xASruJHE', 1, 'Test x Miss LaFamilia - All Mine [Music Video] | Link Up TV', 'Link Up TV', 'https://i.ytimg.com/vi/YB3xASruJHE/hqdefault.jpg', '00:03:29', 'Music', '301561', '2020-06-28T18:30:06Z', '2020-09-28 07:55:35', '2020-09-28 07:55:35'),
(22, 'jyZbArP-Y2w', 1, 'GeForce RTX 3090 Test in 4K and 8K', 'Testing Games', 'https://i.ytimg.com/vi/jyZbArP-Y2w/hqdefault.jpg', '00:15:15', 'Gaming', '145068', '2020-09-26T12:20:16Z', '2020-09-28 08:15:22', '2020-09-28 08:15:22'),
(23, 'r4YIdn2eTm4', 1, 'AWS In 10 Minutes | AWS Tutorial For Beginners | AWS Training Video | AWS Tutorial | Simplilearn', 'Simplilearn', 'https://i.ytimg.com/vi/r4YIdn2eTm4/hqdefault.jpg', '00:09:12', 'Education', NULL, '2017-09-01T14:30:02Z', '2020-09-29 00:17:19', '2020-09-29 00:21:10'),
(24, 'conyHIIWZEI', 1, 'Ferrão 11 - Fc Barcelona | Goals, Skills and Assists | HD', 'Kleminho', 'https://i.ytimg.com/vi/conyHIIWZEI/hqdefault.jpg', '00:04:21', 'Sports', NULL, '2017-07-04T10:56:14Z', '2020-09-29 05:38:18', '2020-09-29 05:42:08'),
(25, '77lMCiiMilo', 1, 'Introduction to Amazon Simple Storage Service (S3) - Cloud Storage on AWS', 'Amazon Web Services', 'https://i.ytimg.com/vi/77lMCiiMilo/hqdefault.jpg', '00:03:17', 'Science & Technology', NULL, '2015-09-17T00:17:13Z', '2020-09-29 20:23:08', '2020-09-29 20:31:06'),
(26, 'BLIDS27ZJhg', 1, 'Japanese Street Food - OMELET RICE Kichi Kichi Omurice Kyoto Japan', 'Travel Thirsty', 'https://i.ytimg.com/vi/BLIDS27ZJhg/hqdefault.jpg', '00:15:04', 'Travel & Events', NULL, '2017-07-17T16:32:43Z', '2020-09-29 20:52:05', '2020-09-30 08:15:11'),
(27, '3lHThMaOW7I', 1, 'Fリーグ2020-2021開幕戦　名古屋オーシャンズvs.ボアルース長野 (20200905)', '名古屋オーシャンズ公式', 'https://i.ytimg.com/vi/3lHThMaOW7I/hqdefault.jpg', '00:02:16', 'Sports', NULL, '2020-09-11T06:28:51Z', '2020-09-30 09:51:24', '2020-10-02 22:59:17'),
(28, 'bzLlw00pQ5Q', 1, '練習試合　対ミナトユナイテッド１', '二宮一弘', 'https://i.ytimg.com/vi/bzLlw00pQ5Q/hqdefault.jpg', '00:21:18', 'People & Blogs', NULL, '2020-09-26T12:58:04Z', '2020-10-02 22:46:14', '2020-10-02 22:47:48'),
(29, 'BIHW9YiZqJw', 1, 'MANISH 煌めく瞬間に捕われて(1995.03.17)', 'YUKI MISUZU', 'https://i.ytimg.com/vi/BIHW9YiZqJw/hqdefault.jpg', '00:03:23', 'Music', NULL, '2020-06-11T16:12:16Z', '2020-10-02 23:12:27', '2020-10-07 01:26:38'),
(30, '4pN3o1wKhaU', 1, '練習試合　対ミナトユナイテッド２', '二宮一弘', 'https://i.ytimg.com/vi/4pN3o1wKhaU/hqdefault.jpg', '00:26:02', 'People & Blogs', NULL, '2020-09-26T13:05:40Z', '2020-10-02 23:13:33', '2020-10-06 20:03:30'),
(31, 'ytCYqq3flAc', 1, 'Funny Soccer Football Vines 2020 ● Goals l Skills l Fails', 'Sim Mot', 'https://i.ytimg.com/vi/ytCYqq3flAc/hqdefault.jpg', '00:10:28', 'Sports', NULL, '2020-07-14T14:12:55Z', '2020-10-07 03:25:33', '2020-10-07 04:05:13'),
(32, 'ov1NcvzCLoE', 1, '練習試合　対ミナトユナイテッド５', '二宮一弘', 'https://i.ytimg.com/vi/ov1NcvzCLoE/hqdefault.jpg', '00:20:44', 'People & Blogs', NULL, '2020-09-26T13:35:53Z', '2020-10-07 04:02:43', '2020-10-07 04:03:30'),
(33, 'kwkktvguM40', 1, '2020/08/10　練習試合　対ガネーシャ　１本目', '二宮一弘', 'https://i.ytimg.com/vi/kwkktvguM40/hqdefault.jpg', '00:20:31', 'People & Blogs', NULL, '2020-08-10T11:59:16Z', '2020-10-07 04:40:11', '2020-10-07 04:40:49'),
(34, 'n80CYo5L8mQ', 1, '対LPP① 20/10/21', 'Kendai Miyazawa', 'https://i.ytimg.com/vi/n80CYo5L8mQ/hqdefault.jpg', '00:08:09', 'People & Blogs', NULL, '2020-09-22T02:46:58Z', '2020-10-07 05:13:40', '2020-10-07 08:09:36');

--
-- ダンプしたテーブルのインデックス
--

--
-- テーブルのインデックス `admins`
--
ALTER TABLE `admins`
  ADD PRIMARY KEY (`id`),
  ADD UNIQUE KEY `admins_email_unique` (`email`);

--
-- テーブルのインデックス `likes_comments`
--
ALTER TABLE `likes_comments`
  ADD PRIMARY KEY (`id`);

--
-- テーブルのインデックス `likes_playlists`
--
ALTER TABLE `likes_playlists`
  ADD PRIMARY KEY (`user_id`,`playlist_id`);

--
-- テーブルのインデックス `likes_tags`
--
ALTER TABLE `likes_tags`
  ADD PRIMARY KEY (`user_id`,`tag_id`);

--
-- テーブルのインデックス `migrations`
--
ALTER TABLE `migrations`
  ADD PRIMARY KEY (`id`);

--
-- テーブルのインデックス `password_resets`
--
ALTER TABLE `password_resets`
  ADD KEY `password_resets_email_index` (`email`);

--
-- テーブルのインデックス `playlistlogs`
--
ALTER TABLE `playlistlogs`
  ADD PRIMARY KEY (`id`),
  ADD KEY `playlistlogs_playlist_id_foreign` (`playlist_id`);

--
-- テーブルのインデックス `playlists`
--
ALTER TABLE `playlists`
  ADD PRIMARY KEY (`id`),
  ADD UNIQUE KEY `playlists_playlistname_unique` (`playlistName`);

--
-- テーブルのインデックス `playlist_comments`
--
ALTER TABLE `playlist_comments`
  ADD PRIMARY KEY (`id`),
  ADD KEY `playlist_comments_playlist_id_foreign` (`playlist_id`);

--
-- テーブルのインデックス `playlist_tag`
--
ALTER TABLE `playlist_tag`
  ADD PRIMARY KEY (`playlist_id`,`tag_id`),
  ADD KEY `playlist_tag_tag_id_foreign` (`tag_id`);

--
-- テーブルのインデックス `searchqueries`
--
ALTER TABLE `searchqueries`
  ADD PRIMARY KEY (`id`),
  ADD UNIQUE KEY `searchqueries_searchquery_searchoption_unique` (`searchQuery`,`searchOption`);

--
-- テーブルのインデックス `searchquery_user`
--
ALTER TABLE `searchquery_user`
  ADD PRIMARY KEY (`id`),
  ADD KEY `searchquery_user_user_id_foreign` (`user_id`),
  ADD KEY `searchquery_user_searchquery_id_foreign` (`searchquery_id`);

--
-- テーブルのインデックス `taglogs`
--
ALTER TABLE `taglogs`
  ADD PRIMARY KEY (`id`),
  ADD KEY `taglogs_tag_id_foreign` (`tag_id`),
  ADD KEY `taglogs_user_id_foreign` (`user_id`);

--
-- テーブルのインデックス `tags`
--
ALTER TABLE `tags`
  ADD PRIMARY KEY (`id`);

--
-- テーブルのインデックス `tag_comments`
--
ALTER TABLE `tag_comments`
  ADD PRIMARY KEY (`id`),
  ADD KEY `tag_comments_tag_id_foreign` (`tag_id`);

--
-- テーブルのインデックス `topsearchqueries`
--
ALTER TABLE `topsearchqueries`
  ADD PRIMARY KEY (`id`),
  ADD KEY `topsearchqueries_searchquery_id_foreign` (`searchquery_id`);

--
-- テーブルのインデックス `users`
--
ALTER TABLE `users`
  ADD PRIMARY KEY (`id`),
  ADD UNIQUE KEY `users_email_unique` (`email`);

--
-- テーブルのインデックス `videos`
--
ALTER TABLE `videos`
  ADD PRIMARY KEY (`id`),
  ADD UNIQUE KEY `videos_youtubeid_unique` (`youtubeId`);

--
-- ダンプしたテーブルのAUTO_INCREMENT
--

--
-- テーブルのAUTO_INCREMENT `admins`
--
ALTER TABLE `admins`
  MODIFY `id` int(10) UNSIGNED NOT NULL AUTO_INCREMENT;

--
-- テーブルのAUTO_INCREMENT `likes_comments`
--
ALTER TABLE `likes_comments`
  MODIFY `id` int(10) UNSIGNED NOT NULL AUTO_INCREMENT, AUTO_INCREMENT=10;

--
-- テーブルのAUTO_INCREMENT `migrations`
--
ALTER TABLE `migrations`
  MODIFY `id` int(10) UNSIGNED NOT NULL AUTO_INCREMENT, AUTO_INCREMENT=24;

--
-- テーブルのAUTO_INCREMENT `playlistlogs`
--
ALTER TABLE `playlistlogs`
  MODIFY `id` int(10) UNSIGNED NOT NULL AUTO_INCREMENT, AUTO_INCREMENT=172;

--
-- テーブルのAUTO_INCREMENT `playlists`
--
ALTER TABLE `playlists`
  MODIFY `id` int(10) UNSIGNED NOT NULL AUTO_INCREMENT, AUTO_INCREMENT=31;

--
-- テーブルのAUTO_INCREMENT `playlist_comments`
--
ALTER TABLE `playlist_comments`
  MODIFY `id` int(10) UNSIGNED NOT NULL AUTO_INCREMENT, AUTO_INCREMENT=38;

--
-- テーブルのAUTO_INCREMENT `searchqueries`
--
ALTER TABLE `searchqueries`
  MODIFY `id` int(10) UNSIGNED NOT NULL AUTO_INCREMENT, AUTO_INCREMENT=108;

--
-- テーブルのAUTO_INCREMENT `searchquery_user`
--
ALTER TABLE `searchquery_user`
  MODIFY `id` int(10) UNSIGNED NOT NULL AUTO_INCREMENT, AUTO_INCREMENT=325;

--
-- テーブルのAUTO_INCREMENT `taglogs`
--
ALTER TABLE `taglogs`
  MODIFY `id` int(10) UNSIGNED NOT NULL AUTO_INCREMENT;

--
-- テーブルのAUTO_INCREMENT `tags`
--
ALTER TABLE `tags`
  MODIFY `id` int(10) UNSIGNED NOT NULL AUTO_INCREMENT, AUTO_INCREMENT=48;

--
-- テーブルのAUTO_INCREMENT `tag_comments`
--
ALTER TABLE `tag_comments`
  MODIFY `id` int(10) UNSIGNED NOT NULL AUTO_INCREMENT;

--
-- テーブルのAUTO_INCREMENT `topsearchqueries`
--
ALTER TABLE `topsearchqueries`
  MODIFY `id` int(10) UNSIGNED NOT NULL AUTO_INCREMENT, AUTO_INCREMENT=15135;

--
-- テーブルのAUTO_INCREMENT `users`
--
ALTER TABLE `users`
  MODIFY `id` int(10) UNSIGNED NOT NULL AUTO_INCREMENT, AUTO_INCREMENT=3;

--
-- テーブルのAUTO_INCREMENT `videos`
--
ALTER TABLE `videos`
  MODIFY `id` int(10) UNSIGNED NOT NULL AUTO_INCREMENT, AUTO_INCREMENT=35;

--
-- ダンプしたテーブルの制約
--

--
-- テーブルの制約 `playlistlogs`
--
ALTER TABLE `playlistlogs`
  ADD CONSTRAINT `playlistlogs_playlist_id_foreign` FOREIGN KEY (`playlist_id`) REFERENCES `playlists` (`id`) ON DELETE CASCADE;

--
-- テーブルの制約 `playlist_comments`
--
ALTER TABLE `playlist_comments`
  ADD CONSTRAINT `playlist_comments_playlist_id_foreign` FOREIGN KEY (`playlist_id`) REFERENCES `playlists` (`id`) ON DELETE CASCADE;

--
-- テーブルの制約 `playlist_tag`
--
ALTER TABLE `playlist_tag`
  ADD CONSTRAINT `playlist_tag_playlist_id_foreign` FOREIGN KEY (`playlist_id`) REFERENCES `playlists` (`id`) ON DELETE CASCADE,
  ADD CONSTRAINT `playlist_tag_tag_id_foreign` FOREIGN KEY (`tag_id`) REFERENCES `tags` (`id`) ON DELETE CASCADE;

--
-- テーブルの制約 `searchquery_user`
--
ALTER TABLE `searchquery_user`
  ADD CONSTRAINT `searchquery_user_searchquery_id_foreign` FOREIGN KEY (`searchquery_id`) REFERENCES `searchqueries` (`id`) ON DELETE CASCADE,
  ADD CONSTRAINT `searchquery_user_user_id_foreign` FOREIGN KEY (`user_id`) REFERENCES `users` (`id`) ON DELETE CASCADE;

--
-- テーブルの制約 `taglogs`
--
ALTER TABLE `taglogs`
  ADD CONSTRAINT `taglogs_tag_id_foreign` FOREIGN KEY (`tag_id`) REFERENCES `tags` (`id`) ON DELETE CASCADE,
  ADD CONSTRAINT `taglogs_user_id_foreign` FOREIGN KEY (`user_id`) REFERENCES `users` (`id`) ON DELETE CASCADE;

--
-- テーブルの制約 `tag_comments`
--
ALTER TABLE `tag_comments`
  ADD CONSTRAINT `tag_comments_tag_id_foreign` FOREIGN KEY (`tag_id`) REFERENCES `tags` (`id`) ON DELETE CASCADE;

--
-- テーブルの制約 `topsearchqueries`
--
ALTER TABLE `topsearchqueries`
  ADD CONSTRAINT `topsearchqueries_searchquery_id_foreign` FOREIGN KEY (`searchquery_id`) REFERENCES `searchqueries` (`id`) ON DELETE CASCADE;

/*!40101 SET CHARACTER_SET_CLIENT=@OLD_CHARACTER_SET_CLIENT */;
/*!40101 SET CHARACTER_SET_RESULTS=@OLD_CHARACTER_SET_RESULTS */;
/*!40101 SET COLLATION_CONNECTION=@OLD_COLLATION_CONNECTION */;
